excelRow,id,no,town,creek,point,landmark,matched,slide,score,image,title
2,row-2,2,大武鄉,東縣DF092野溪,東縣DF092潛勢溪流溢流點,台9線426.8K,YES,11,75,slides/row-2-no-2-slide-011.webp,DF092( 編號 2) 台 9 線 426.8K 勘查日期： 2025/5/19 114 年檢視情形 集水區面積
3,row-3,3,大武鄉,東縣DF093野溪,東縣DF093潛勢溪流溢流點,富山橋,YES,12,75,slides/row-3-no-3-slide-012.webp,DF093( 編號 3) 富山橋 勘查日期： 2025/5/19 114 年檢視情形 圖例 構造物 土石流潛勢溪流 土石流影響範圍
4,row-4,5,大武鄉,東縣DF095野溪,東縣DF095潛勢溪流溢流點,加羅板公墓,YES,14,75,slides/row-4-no-5-slide-014.webp,DF095( 編號 5) 加羅板公墓 勘查日期： 2025/6/17 114 年檢視情形 圖例 構造物 土石流潛勢溪流 土石流影響範圍
5,row-5,6,大武鄉,東縣DF096野溪,東縣DF096潛勢溪流溢流點,加羅板部落,YES,15,75,slides/row-5-no-6-slide-015.webp,DF096( 編號 6) 加羅板部落 勘查日期： 2025/6/17 114 年檢視情形 圖例 構造物 土石流潛勢溪流 土石流影響範圍
6,row-6,7,大武鄉,東縣DF097野溪,東縣DF097潛勢溪流溢流點,大鳥北一溝上游箱涵,YES,16,75,slides/row-6-no-7-slide-016.webp,DF097( 編號 7) 大鳥北一溝上游箱涵 勘查日期： 2025/5/19 114 年檢視情形 圖例 構造物 土石流潛勢溪流 土石流影響範圍
7,row-7,9,大武鄉,東縣DF099野溪,東縣DF099潛勢溪流溢流點(BD01),水田橋,YES,18,75,slides/row-7-no-9-slide-018.webp,DF099( 編號 9) 水田橋 勘查日期： 2025/5/19 114 年檢視情形 上游 S 淤 =3°
8,row-8,9.1,大武鄉,東縣DF099野溪,東縣DF099潛勢溪流溢流點(CD01),大鳥溪上游,YES,19,75,slides/row-8-no-9.1-slide-019.webp,DF099( 編號 9.1) 大鳥溪上游 勘查日期： 2025/5/19 114 年檢視情形 上游 S 淤 =3.3°
9,row-9,10,大武鄉,東縣DF100野溪,東縣DF100潛勢溪流溢流點(AD01),大武火車站後方,YES,20,75,slides/row-9-no-10-slide-020.webp,DF100( 編號 10) 大武火車站後方 勘查日期： 2025/6/17 114 年檢視情形 上游 S 淤 =3°
10,row-10,10.1,大武鄉,東縣DF100野溪,東縣DF100潛勢溪流溢流點(CD01),大武火車站後方,YES,21,75,slides/row-10-no-10.1-slide-021.webp,DF100( 編號 10.1) 大武火車站後方 勘查日期： 2025/6/17 114 年檢視情形 上游 S 淤 =9°
11,row-11,11,大武鄉,東縣DF102野溪,東縣DF102潛勢溪流溢流點(BD01),太湖路,YES,22,75,slides/row-11-no-11-slide-022.webp,DF102( 編號 11) 太湖路 勘查日期： 2025/6/17 114 年檢視情形 上游 S 淤 =6°
12,row-12,11.1,大武鄉,東縣DF102野溪,東縣DF102潛勢溪流溢流點(BD02),西勢橋,YES,23,75,slides/row-12-no-11.1-slide-023.webp,"東縣 DF102 TWD97 ： 237066,2470162 DF102( 編號 11.1) 西勢橋 勘查日期： 2025/6/17 114"
13,row-13,13,大武鄉,東縣DF104野溪,東縣DF104潛勢溪流溢流點,環港路41巷,YES,25,75,slides/row-13-no-13-slide-025.webp,DF104( 編號 13) 環港路 41 巷 勘查日期： 2025/6/17 114 年檢視情形 S 淤
14,row-14,14,大武鄉,東縣DF105野溪,東縣DF105潛勢溪流溢流點,環港路5巷,YES,26,75,slides/row-14-no-14-slide-026.webp,DF105( 編號 14) 環港路 5 巷 勘查日期： 2025/6/17 114 年檢視情形 上游 S
15,row-15,15,大武鄉,東縣DF106野溪,東縣DF106潛勢溪流溢流點,尚武國小後方,YES,27,75,slides/row-15-no-15-slide-027.webp,DF106( 編號 15) 尚武國小後方 勘查日期： 2025/6/17 114 年檢視情形 上游 東縣 DF106 集水區面積
16,row-16,17,大武鄉,東縣DF108野溪,東縣DF108潛勢溪流溢流點(BD01),南興地磅檢查站,YES,30,75,slides/row-16-no-17-slide-030.webp,DF108( 編號 17) 南興地磅檢查站 勘查日期： 2025/6/17 114 年檢視情形 暗渠無法量測 2m 3m 東縣
17,row-17,18,大武鄉,東縣DF109野溪,東縣DF109潛勢溪流溢流點,南興休息站,YES,31,75,slides/row-17-no-18-slide-031.webp,DF109( 編號 18) 南興休息站 勘查日期： 2025/6/17 114 年檢視情形 上游 S 淤 =3°
18,row-18,19,大武鄉,東縣DF164野溪,東縣DF164潛勢溪流溢流點(BD01),台水十區愛國蒲淨水廠,YES,32,75,slides/row-18-no-19-slide-032.webp,DF164( 編號 19) 台水十區愛國蒲淨水廠 勘查日期： 2025/5/19 114 年檢視情形 東縣 DF164 集水區面積 (ha)
19,row-19,19.1,大武鄉,東縣DF164野溪,東縣DF164潛勢溪流溢流點(CD01),愛國蒲工作地,YES,33,60,slides/row-19-no-19.1-slide-033.webp,DF164( 編號 19.1) 愛國橋 勘查日期： 2025/5/19 114 年檢視情形 上游 S 淤 =3°
20,row-20,21,大武鄉,加羅板野溪重大溪段,加羅板橋,加羅板橋,YES,35,80,slides/row-20-no-21-slide-035.webp,"加羅板野溪重大溪段 ( 編號 21) 勘查日期： 2025/6/17 114 年檢視情形 上游 集水區面積 (ha) 2,540"
21,row-21,22,大武鄉,大鳥部落南一溝野溪重大溪段,箱涵,大鳥部落南一溝,YES,36,95,slides/row-21-no-22-slide-036.webp,大鳥部落南一溝野溪重大溪段 ( 編號 22) 勘查日期： 2025/6/17 114 年檢視情形 上游 集水區面積 (ha) 119.9
22,row-22,23,大武鄉,加津林溪重大溪段,加津林橋,加津林橋,YES,37,80,slides/row-22-no-23-slide-037.webp,加津林溪重大溪段 ( 編號 23) 勘查日期： 2025/6/17 114 年檢視情形 上游 集水區面積 (ha) 5565.9
23,row-23,24,太麻里鄉,東縣DF111野溪,東縣DF111潛勢溪流溢流點,沙崙溪,YES,39,75,slides/row-23-no-24-slide-039.webp,DF111( 編號 24) 沙崙溪 勘查日期： 2025/3/30 114 年檢視情形 上游 S 淤 =9°
24,row-24,25,太麻里鄉,東縣DF113野溪,東縣DF113潛勢溪流溢流點,賓茂一號橋上游,YES,40,75,slides/row-24-no-25-slide-040.webp,DF113( 編號 25) 賓茂一號橋上游 勘查日期： 2025/3/30 114 年檢視情形 上游 S 淤 =6°
25,row-25,26,太麻里鄉,東縣DF114野溪,東縣DF114潛勢溪流溢流點,金崙14鄰,YES,41,75,slides/row-25-no-26-slide-041.webp,DF114( 編號 26) 金崙 14 鄰 勘查日期： 2025/3/30 114 年檢視情形 上游 S
26,row-26,27,太麻里鄉,東縣DF115野溪,東縣DF115潛勢溪流溢流點,仁愛橋,YES,42,75,slides/row-26-no-27-slide-042.webp,DF115( 編號 27) 仁愛橋 勘查日期： 2025/3/30 114 年檢視情形 上游 S 淤 =5°
27,row-27,29,太麻里鄉,東縣DF118野溪,東縣DF118潛勢溪流溢流點,大溪部落,YES,44,75,slides/row-27-no-29-slide-044.webp,DF118( 編號 29) 大溪部落 勘查日期： 2025/3/29 114 年檢視情形 下游 東縣 DF118 集水區面積
28,row-28,31,太麻里鄉,東縣DF120野溪,東縣DF120潛勢溪流溢流點,南28號隧道(台鐵),YES,46,60,slides/row-28-no-31-slide-046.webp,DF120( 編號 31) 台鐵南 28 號隧道 勘查日期： 2025/3/30 114 年檢視情形 上游 S
29,row-29,34,太麻里鄉,東縣DF124野溪,東縣DF124潛勢溪流溢流點,南北坑,YES,49,75,slides/row-29-no-34-slide-049.webp,DF124( 編號 34) 南北坑 勘查日期： 2025/3/30 114 年檢視情形 上游 S 淤 =5°
30,row-30,35,太麻里鄉,東縣DF125野溪,東縣DF125潛勢溪流溢流點(BD01),華源五號橋,YES,50,75,slides/row-30-no-35-slide-050.webp,DF125( 編號 35) 華源五號橋 勘查日期： 2025/3/30 114 年檢視情形 上游 S 淤 =9°
31,row-31,35.1,太麻里鄉,東縣DF125野溪,東縣DF125潛勢溪流溢流點(CD01),華源三號橋,YES,51,75,slides/row-31-no-35.1-slide-051.webp,DF125( 編號 35.1) 華源三號橋 勘查日期： 2025/3/30 114 年檢視情形 上游 S 淤 =7°
32,row-32,36,成功鎮,東縣DF151野溪,東縣DF151潛勢溪流溢流點,大濱橋,YES,53,75,slides/row-32-no-36-slide-053.webp,DF151( 編號 36) 大濱橋 勘查日期： 2025/4/27 114 年檢視情形 3m 41m 下游 上游
33,row-33,37,成功鎮,東縣DF152野溪,東縣DF152潛勢溪流溢流點,都威橋,YES,54,75,slides/row-33-no-37-slide-054.webp,DF152( 編號 37) 都威橋 勘查日期： 2025/4/27 114 年檢視情形 6m 42.5m 下游 上游
34,row-34,39,成功鎮,東縣DF154野溪,東縣DF154潛勢溪流溢流點(BD01),,YES,57,60,slides/row-34-no-39-slide-057.webp,DF154( 編號 39) 富平橋 勘查日期： 2025/4/27 114 年檢視情形 下游 S 淤 =4.5°
35,row-35,39.1,成功鎮,東縣DF154野溪,東縣DF154潛勢溪流溢流點(CD01),,YES,58,60,slides/row-35-no-39.1-slide-058.webp,DF154( 編號 39.1) 富平橋 勘查日期： 2025/4/27 114 年檢視情形 4m 20m 下游 S
36,row-36,41,成功鎮,東縣DF158野溪,東縣DF158潛勢溪流溢流點,美佐呂橋,YES,60,75,slides/row-36-no-41-slide-060.webp,DF158( 編號 41) 美佐呂橋 勘查日期： 2025/4/27 114 年檢視情形 4.5m 23m 下游 S
37,row-37,42,成功鎮,東縣DF159野溪,東縣DF159潛勢溪流溢流點,玉水橋,YES,61,75,slides/row-37-no-42-slide-061.webp,DF159( 編號 42) 玉水橋 勘查日期： 2025/4/27 114 年檢視情形 5.4m 11.5m 下游 S
38,row-38,43,池上鄉,東縣DF001野溪,東縣DF001潛勢溪流溢流點(BD01),萬安溪上游,YES,63,75,slides/row-38-no-43-slide-063.webp,DF001( 編號 43) 萬安溪上游 勘查日期： 2025/6/17 114 年檢視情形 3m 8.5m 下游 S
39,row-39,43.1,池上鄉,東縣DF001野溪,東縣DF001潛勢溪流溢流點(CD01),萬安溪上游,YES,64,75,slides/row-39-no-43.1-slide-064.webp,"東縣 DF001 TWD97 ： 274146 , 2554644 DF001 野溪 ( 編號 43.1) 萬安溪上游 勘查日期："
40,row-40,44,池上鄉,山棕寮野溪重大溪段,橋涵,四號橋,YES,65,95,slides/row-40-no-44-slide-065.webp,山棕寮野溪重大溪段 ( 編號 44) 四號橋 勘查日期： 2025/6/17 114 年檢視情形 68m 6m 下游
41,row-41,45,卑南鄉,東縣DF038野溪,東縣DF038潛勢溪流溢流點,明峰寺,YES,67,75,slides/row-41-no-45-slide-067.webp,"TWD97 ： 259485, 2530423 DF038( 編號 45) 明峰寺 勘查日期： 2025/6/25 114 年檢視情形 圖例"
42,row-42,45-B (新增點位),卑南鄉,東縣DF038-B野溪,東縣DF038潛勢溪流調查新增點位,明峰寺,YES,68,MANUAL,slides/row-42-no-45-B-slide-068.webp,"TWD97 ： 259545, 2530343 DF038-B( 編號 45-B) 明峰寺 勘查日期： 2025/6/25 114 年檢視情形 圖例 構造物 土石流潛勢溪流 土石流影響範圍 東縣 DF038 集水區"
43,row-43,46,卑南鄉,東縣DF041野溪,東縣DF041潛勢溪流溢流點,,YES,69,60,slides/row-43-no-46-slide-069.webp,"TWD97 ： 260181,2529035 DF041( 編號 46) 初鹿國小 勘查日期： 2025/6/25 114 年檢視情形 圖例"
44,row-44,47,卑南鄉,東縣DF042野溪,東縣DF042潛勢溪流溢流點,朝安堂,YES,70,75,slides/row-44-no-47-slide-070.webp,"TWD97 ： 259064,2529645 DF042( 編號 47) 朝安堂 勘查日期： 2025/6/25 114 年檢視情形 下游"
45,row-45,48,卑南鄉,東縣DF043野溪,東縣DF043潛勢溪流溢流點,自強橋,YES,71,75,slides/row-45-no-48-slide-071.webp,"TWD97 ： 258986, 2528898 DF043( 編號 48) 自強橋 勘查日期： 2025/6/25 114 年檢視情形 下游"
46,row-46,49,卑南鄉,東縣DF044野溪,東縣DF044潛勢溪流溢流點,初鹿一街,YES,72,75,slides/row-46-no-49-slide-072.webp,"TWD97 ： 258514,2528599 DF044( 編號 49) 初鹿一街 勘查日期： 2025/6/25 114 年檢視情形 下游"
47,row-47,51,卑南鄉,東縣DF046野溪,東縣DF046潛勢溪流溢流點(BD01),聖賢寺(新班鳩溪上游),YES,75,75,slides/row-47-no-51-slide-075.webp,DF046( 編號 51) 聖賢寺 ( 新班鳩溪上游 ) 勘查日期： 2025/6/16 114 年檢視情形 下游
48,row-48,51.1,卑南鄉,東縣DF046野溪,東縣DF046潛勢溪流溢流點(BD02),新班鳩產業道路(新班鳩溪上游),YES,76,60,slides/row-48-no-51.1-slide-076.webp,"TWD97 ： 256907 , 2527389 DF046( 編號 51.1) 新班鳩產業路 勘查日期： 2025/6/16 114 年檢視情形 2.6m"
49,row-49,52,卑南鄉,東縣DF047野溪,東縣DF047潛勢溪流溢流點(BD01),舊班鳩溪上游,YES,77,75,slides/row-49-no-52-slide-077.webp,DF047( 編號 52) 舊班鳩溪上游 勘查日期： 2025/6/16 114 年檢視情形 3.7m 8.4m 下游 S
50,row-50,52.1,卑南鄉,東縣DF047野溪,東縣DF047潛勢溪流溢流點(CD01),舊班鳩溪(3孔箱涵上游),YES,78,75,slides/row-50-no-52.1-slide-078.webp,DF047( 編號 52.1) 舊班鳩溪 (3 孔箱涵上游 ) 勘查日期： 2025/6/16 114 年檢視情形 3.2m
51,row-51,56,卑南鄉,東縣DF051野溪,東縣DF051潛勢溪流溢流點(BD01),太平坑上游過水路面,YES,82,75,slides/row-51-no-56-slide-082.webp,DF051( 編號 56) 太平坑上游過水路面 勘查日期： 2025/6/16 114 年檢視情形 1.9m 7.2m 下游 S
52,row-52,56.1,卑南鄉,東縣DF051野溪,東縣DF051潛勢溪流溢流點(CD01),魯瓦南橋,YES,83,75,slides/row-52-no-56.1-slide-083.webp,"TWD97 ： 256808, 2521800 DF051( 編號 56.1) 魯瓦南橋 勘查日期： 2025/6/16 114 年檢視情形 2.1m"
53,row-53,60,卑南鄉,東縣DF058野溪,東縣DF058潛勢溪流溢流點,玉霖橋(射馬干觀測站),YES,87,75,slides/row-53-no-60-slide-087.webp,DF058( 編號 60) 玉霖橋 ( 射馬干觀測站 ) 勘查日期： 2025/4/26 114 年檢視情形 15.5m
54,row-54,61,卑南鄉,東縣DF059野溪,東縣DF059潛勢溪流溢流點(BD01),鎮樂橋,YES,88,75,slides/row-54-no-61-slide-088.webp,DF059( 編號 61) 鎮樂橋 勘查日期： 2025/4/26 114 年檢視情形 下游 S 淤 =8.3°
55,row-55,61.1,卑南鄉,東縣DF059野溪,東縣DF059潛勢溪流溢流點(BD02),木瓜溪支流上游,YES,89,75,slides/row-55-no-61.1-slide-089.webp,"TWD97 ： 252391, 2513286 DF059( 編號 61.1) 木瓜溪支流上游 勘查日期： 2025/4/26 114 年檢視情形 下游"
56,row-56,62,卑南鄉,東縣DF061野溪,東縣DF061潛勢溪流溢流點,榮橋,YES,90,75,slides/row-56-no-62-slide-090.webp,DF061( 編號 62) 榮橋 勘查日期： 2025/4/26 114 年檢視情形 上游 S 淤 =7.3°
57,row-57,63,卑南鄉,東縣DF063野溪,東縣DF063潛勢溪流溢流點,樂山支橋,YES,91,75,slides/row-57-no-63-slide-091.webp,DF063( 編號 63) 樂山支橋 勘查日期： 2025/4/26 114 年檢視情形 10.4m 下游 S 淤
58,row-58,65,卑南鄉,東縣DF065野溪,東縣DF065潛勢溪流溢流點,藥山橋,YES,93,75,slides/row-58-no-65-slide-093.webp,DF065( 編號 65) 藥山橋 勘查日期： 2025/4/26 114 年檢視情形 10.5m 下游 S 淤
59,row-59,68,卑南鄉,東縣DF068野溪,東縣DF068潛勢溪流溢流點,利吉惡地地質公園,YES,96,75,slides/row-59-no-68-slide-096.webp,DF068( 編號 68) 利吉惡地地質公園 勘查日期： 2025/6/17 114 年檢視情形 下游 S 淤 =6.6°
60,row-60,69,卑南鄉,東縣DF069野溪,東縣DF069潛勢溪流溢流點(BD01),利吉環山路,YES,97,75,slides/row-60-no-69-slide-097.webp,DF069( 編號 69) 利吉環山路 勘查日期： 2025/5/19 114 年檢視情形 下游 上游 S 淤
61,row-61,69.1,卑南鄉,東縣DF069野溪,東縣DF069潛勢溪流溢流點(BD02),利吉環山路,YES,98,75,slides/row-61-no-69.1-slide-098.webp,"TWD97 ： 266021, 2528853 DF069( 編號 69.1) 利吉環山路 勘查日期： 2025/6/17 114 年檢視情形 下游"
62,row-62,70,卑南鄉,東縣DF070野溪,東縣DF070潛勢溪流溢流點,山里三號橋,YES,99,75,slides/row-62-no-70-slide-099.webp,"TWD97 ： 263825,2528849 DF070( 編號 70) 山里三號橋 勘查日期： 2025/6/26 114 年檢視情形 下游"
63,row-63,73,卑南鄉,東縣DF073野溪,東縣DF073潛勢溪流溢流點,嘉豐村活動中心,YES,104,75,slides/row-63-no-73-slide-104.webp,"TWD97 ： 263167,2531032 DF073( 編號 73) 嘉豐村活動中心 勘查日期： 2025/6/26 114 年檢視情形 下游"
64,row-64,74,卑南鄉,東縣DF074野溪,東縣DF074潛勢溪流溢流點,,YES,105,60,slides/row-64-no-74-slide-105.webp,"TWD97 ： 262825,2531031 DF074( 編號 74) 東 37 線起點 勘查日期： 2025/6/26 114"
65,row-65,76,卑南鄉,東縣DF126野溪,東縣DF126潛勢溪流溢流點,,YES,107,60,slides/row-65-no-76-slide-107.webp,DF126( 編號 76) 岩灣橋 勘查日期： 2025/6/16 114 年檢視情形 下游 S 淤 =1°
66,row-66,79,延平鄉,東縣DF034野溪,東縣DF034潛勢溪流溢流點,永康村辦公處,YES,111,75,slides/row-66-no-79-slide-111.webp,DF034( 編號 79) 永康村辦公處 勘查日期： 2025/6/25 114 年檢視情形 下游 圖例 構造物 土石流潛勢溪流
67,row-67,79-B(新增點位),延平鄉,東縣DF034野溪,東縣DF034潛勢溪流新增點位,,YES,112,MANUAL,slides/row-67-no-79-B-slide-112.webp,DF034-B( 編號 79-B) 永康村活動中心 勘查日期： 2025/6/25 114 年檢視情形 下游 上游 圖例 構造物 土石流潛勢溪流 土石流影響範圍 東縣 DF034 集水區面積 (ha)
68,row-68,81,延平鄉,東縣DF166野溪,東縣DF166潛勢溪流溢流點,紅谷橋,YES,114,75,slides/row-68-no-81-slide-114.webp,DF166( 編號 81) 紅谷橋 勘查日期： 2025/6/25 114 年檢視情形 下游 上游 圖例 構造物
69,row-69,82,延平鄉,鹿寮溪重大溪段,馬西珊橋,馬西珊橋,YES,115,105,slides/row-69-no-82-slide-115.webp,勘查日期： 2025/6/25 鹿寮溪重大溪段 ( 編號 82) 馬西珊橋 114 年檢視情形 下游 上游 圖例
70,row-70,84,東河鄉,東縣DF132野溪,東縣DF132潛勢溪流溢流點,,YES,119,60,slides/row-70-no-84-slide-119.webp,集水區面積 (ha) 24.6 坡度 ( 。 ) 33.2 Q 50 清水流 6.2 CMS
71,row-71,85,東河鄉,東縣DF133野溪,東縣DF133潛勢溪流溢流點,,YES,120,60,slides/row-71-no-85-slide-120.webp,DF133( 編號 85) 北溪橋 114 年檢視情形 10m 下游 S 淤 =2.2° 上游
72,row-72,86,東河鄉,東縣DF134野溪,東縣DF134潛勢溪流溢流點,,YES,121,60,slides/row-72-no-86-slide-121.webp,DF134( 編號 86) 德高橋 114 年檢視情形 30m 下游 S 淤 =7.2° 14m
73,row-73,87,東河鄉,東縣DF135野溪,東縣DF135潛勢溪流溢流點,東興宮,YES,122,75,slides/row-73-no-87-slide-122.webp,DF135( 編號 87) 東興宮 勘查日期： 2025/4/27 114 年檢視情形 下游 植生過多無法量測 上游 溢流點坡度
74,row-74,87-B (新增點位),東河鄉,東縣DF135野溪,東縣DF135潛勢溪流新增點位,東興宮,YES,123,MANUAL,slides/row-74-no-87-B-slide-123.webp,DF135( 編號 88-B) 東興宮 114 年檢視情形 5.6m 上游 S 淤 =15.1° 2.8m 圖例 構造物 土石流潛勢溪流 土石流影響範圍 東縣 DF135
75,row-75,88,東河鄉,東縣DF136野溪,東縣DF136潛勢溪流溢流點,,YES,123,60,slides/row-75-no-88-slide-123.webp,DF135( 編號 88-B) 東興宮 114 年檢視情形 5.6m 上游 S 淤 =15.1° 2.8m
76,row-76,88.1,東河鄉,東縣DF136野溪,東縣DF136潛勢溪流溢流點,,YES,125,60,slides/row-76-no-88.1-slide-125.webp,"東縣 DF136 TWD97 ： 277434,2542575 溢流點 DF136( 編號 88.1) 果子山 114 年檢視情形"
77,row-77,90,東河鄉,東縣DF138野溪,東縣DF138潛勢溪流溢流點,,YES,127,60,slides/row-77-no-90-slide-127.webp,DF138( 編號 90) 東 23 線 5.6K 無名橋 勘查日期： 2025/4/27 114 年檢視情形
78,row-78,92,東河鄉,東縣DF140野溪,東縣DF140潛勢溪流溢流點,第七號橋,YES,129,75,slides/row-78-no-92-slide-129.webp,DF140( 編號 92) 第七號橋 勘查日期： 2025/4/27 114 年檢視情形 下游 S 淤 =3.3°
79,row-79,93,東河鄉,東縣DF141野溪,東縣DF141潛勢溪流溢流點,,YES,130,60,slides/row-79-no-93-slide-130.webp,DF141( 編號 93) 新部落 勘查日期： 2025/4/27 114 年檢視情形 下游 上游 9.6m 3m
80,row-80,97,東河鄉,東縣DF147野溪,東縣DF147潛勢溪流溢流點,郡界天善宮,YES,135,75,slides/row-80-no-97-slide-135.webp,DF147( 編號 97) 郡界天善宮 勘查日期： 2025/5/19 114 年檢視情形 下游 上游 圖例 構造物
81,row-81,98,金峰鄉,東縣DF076野溪,東縣DF076潛勢溪流溢流點,豐收橋上游,YES,137,75,slides/row-81-no-98-slide-137.webp,DF076( 編號 98) 豐收橋上游 勘查日期： 2025/3/30 114 年檢視情形 上游 S 淤 =7°
82,row-82,99,金峰鄉,東縣DF077野溪,東縣DF077潛勢溪流溢流點,新興部落,YES,138,75,slides/row-82-no-99-slide-138.webp,DF077( 編號 99) 新興部落 勘查日期： 2025/5/19 114 年檢視情形 上游 S 淤 =10°
83,row-83,100,金峰鄉,東縣DF078野溪,東縣DF078潛勢溪流溢流點,嘉新橋,YES,139,75,slides/row-83-no-100-slide-139.webp,DF078( 編號 100) 嘉新橋 勘查日期： 2025/3/30 114 年檢視情形 下游 S 淤 =23°
84,row-84,102,金峰鄉,東縣DF080野溪,東縣DF080潛勢溪流溢流點,歷坵小米學堂,YES,141,75,slides/row-84-no-102-slide-141.webp,DF080( 編號 102) 歷坵小米學堂 勘查日期： 2025/3/30 114 年檢視情形 上游 圖例 構造物 土石流潛勢溪流
85,row-85,103,金峰鄉,東縣DF081野溪,東縣DF081潛勢溪流溢流點,賓茂橋,YES,142,75,slides/row-85-no-103-slide-142.webp,DF081( 編號 103) 賓茂橋 勘查日期： 2025/3/30 114 年檢視情形 下游 S 淤 =8°
86,row-86,104,金峰鄉,東縣DF082野溪,東縣DF082潛勢溪流溢流點,佳崙溪,YES,143,75,slides/row-86-no-104-slide-143.webp,"DF082 ( 編號 104) 佳崙溪 勘查日期： 2025/5/19 114 年檢視情形 TWD97 ： 249965,2500617 圖例"
87,row-87,105,金峰鄉,金崙溪上游重大溪段,巴拉奧橋,巴拉奧橋,YES,144,105,slides/row-87-no-105-slide-144.webp,"金崙溪上游重大溪段 ( 編號 105) 巴拉奧橋 勘查日期： 2025/3/30 114 年檢視情形 TWD97 ： 241625,2491005"
88,row-88,106,金峰鄉,金崙溪歷坵段重大溪段,魯拉克斯吊橋,魯拉克斯橋,YES,145,105,slides/row-88-no-106-slide-145.webp,"金崙溪歷坵段重大溪段 ( 編號 106) 魯拉克斯橋 勘查日期： 2025/3/30 114 年檢視情形 TWD97 ： 241625,2491005"
89,row-89,107,金峰鄉,庫濃野溪重大溪段,金峰橋庫濃溪,金峰橋,YES,146,75,slides/row-89-no-107-slide-146.webp,庫濃溪重大溪段 ( 編號 107) 金峰橋 勘查日期： 2025/3/30 114 年檢視情形 集水區 面積 (ha)
90,row-90,108,金峰鄉,太麻里溪重大溪段,拉冷冷橋,拉冷冷橋,YES,147,85,slides/row-90-no-108-slide-147.webp,太麻里重大溪段 ( 編號 108) 拉冷冷橋 勘查日期： 2025/3/30 114 年檢視情形 上游 下游 集水區面積
91,row-91,109,長濱鄉,東縣DF162野溪,東縣DF162潛勢溪流溢流點,忠勇橋,YES,149,75,slides/row-91-no-109-slide-149.webp,DF162( 編號 109) 忠勇橋 勘查日期： 2025/4/27 114 年檢視情形 下游 上游 12.5m 4m
92,row-92,111,海端鄉,東縣DF004野溪,東縣DF004潛勢溪流溢流點,,YES,152,60,slides/row-92-no-111-slide-152.webp,DF004( 編號 111) 霧鹿砲台公園 勘查日期： 2025/6/17 114 年檢視情形 4.5m 下游 上游 1.6m
93,row-93,112,海端鄉,東縣DF012野溪,東縣DF012潛勢溪流溢流點,初來國小新武分校,YES,153,75,slides/row-93-no-112-slide-153.webp,DF012( 編號 112) 初來國小新武分校 勘查日期： 2025/6/17 114 年檢視情形 4.8m 1.8m 圖例 構造物
94,row-94,113,海端鄉,東縣DF013野溪,東縣DF013潛勢溪流溢流點,海端橋,YES,154,75,slides/row-94-no-113-slide-154.webp,DF013( 編號 113) 海端橋 勘查日期： 2025/6/17 114 年檢視情形 27m 下游 上游 3m
95,row-95,114,海端鄉,東縣DF014野溪,東縣DF014潛勢溪流溢流點,壠下橋,YES,155,75,slides/row-95-no-114-slide-155.webp,DF014( 編號 114) 壠下橋 勘查日期： 2025/6/17 114 年檢視情形 3m 下游 上游 25m
96,row-96,120,海端鄉,加鹿溪重大溪段,加樂橋上游防砂壩,加樂橋,YES,163,95,slides/row-96-no-120-slide-163.webp,加 鹿溪重大溪段 ( 編號 120) 加樂橋 勘查日期： 2025/6/25 114 年檢視情形 下游 S
97,row-97,121,鹿野鄉,東縣DF024野溪,東縣DF024潛勢溪流溢流點,關山圳第17支線,YES,165,75,slides/row-97-no-121-slide-165.webp,DF024( 編號 121) 關山圳第 17 支線 勘查日期： 2025/6/25 114 年檢視情形 圖例 構造物
98,row-98,122,鹿野鄉,東縣DF025野溪,東縣DF025潛勢溪流溢流點,,YES,166,60,slides/row-98-no-122-slide-166.webp,DF025( 編號 122) 慈懷園禮儀社 勘查日期： 2025/6/25 114 年檢視情形 下游 上游 圖例 構造物
99,row-99,123,鹿野鄉,東縣DF026野溪,東縣DF026潛勢溪流溢流點,寶華野溪,YES,167,75,slides/row-99-no-123-slide-167.webp,DF026( 編號 123) 寶華野溪 勘查日期： 2025/6/17 114 年檢視情形 10.4m 下游 上游 2m
100,row-100,125,達仁鄉,東縣DF087野溪,東縣DF087潛勢溪流溢流點,土坂三號橋上游,YES,170,75,slides/row-100-no-125-slide-170.webp,DF087( 編號 125) 土坂三號橋上游 勘查日期： 2025/3/29 114 年檢視情形 上游 圖例 構造物 土石流潛勢溪流
101,row-101,127,達仁鄉,東縣DF089野溪,東縣DF089潛勢溪流溢流點,南田二號橋,YES,172,75,slides/row-101-no-127-slide-172.webp,DF089( 編號 127) 南田二號橋 勘查日期： 2025/6/17 114 年檢視情形 下游 S 淤 =6.3°
102,row-102,128,達仁鄉,東縣DF090野溪,東縣DF090潛勢溪流溢流點(CD01),達仁鄉公所(左後方),YES,173,60,slides/row-102-no-128-slide-173.webp,DF090( 編號 128) 達仁鄉公所 勘查日期： 2025/6/17 114 年檢視情形 下游 S 淤 =4.7°
103,row-103,128.1,達仁鄉,東縣DF090野溪,東縣DF090潛勢溪流溢流點(CD02),達仁鄉公所(後方),YES,174,60,slides/row-103-no-128.1-slide-174.webp,DF090( 編號 128.1) 達仁鄉公所 勘查日期： 2025/6/17 114 年檢視情形 下游 上游 3.5m 0.7m
104,row-104,128.2,達仁鄉,東縣DF090野溪,東縣DF090潛勢溪流溢流點(CD03),安朔部落上方,YES,175,60,slides/row-104-no-128.2-slide-175.webp,DF090( 編號 128.2) 達仁鄉公所 勘查日期： 2025/6/17 114 年檢視情形 下游 S 淤 =4.5°
105,row-105,128.3,達仁鄉,東縣DF090野溪,東縣DF090潛勢溪流溢流點(CD04),安朔部落上方,YES,176,75,slides/row-105-no-128.3-slide-176.webp,東縣 DF090 東縣 DF090 東縣 DF090 DF090( 編號 128.3) 安朔部落上方 勘查日期： 2025/6/17
106,row-106,128.4,達仁鄉,東縣DF090野溪,東縣DF090潛勢溪流溢流點(CD05),阿盟衛溪支流,YES,177,60,slides/row-106-no-128.4-slide-177.webp,東縣 DF090 東縣 DF090 東縣 DF090 DF090( 編號 128.4) 安朔部落上方 勘查日期： 2025/6/17
107,row-107,129,達仁鄉,台坂溪重大溪段,台坂溪土坂一號橋,台坂溪土坂一號橋,YES,178,80,slides/row-107-no-129-slide-178.webp,台坂溪重大溪段 ( 編號 129) 土坂一號橋 勘查日期： 2025/3/29 114 年檢視情形 上游 圖例 構造物
108,row-108,130,達仁鄉,台坂溪上游重大溪段,台坂橋,台坂橋,YES,179,105,slides/row-108-no-130-slide-179.webp,台坂溪上游重大溪段 ( 編號 130) 台坂橋 勘查日期： 2025/3/29 114 年檢視情形 上游 圖例 構造物
109,row-109,131,達仁鄉,大竹溪重大溪段,新興橋界點,新興吊橋,YES,180,80,slides/row-109-no-131-slide-180.webp,大竹溪重大溪段 ( 編號 131) 新興橋 勘查日期： 2025/3/29 114 年檢視情形 上游 圖例 構造物
110,row-110,132,達仁鄉,大竹溪芭葩菈苒橋上游重大溪段,芭葩菈苒橋,芭葩菈苒橋,YES,181,105,slides/row-110-no-132-slide-181.webp,勘查日期： 2025/3/29 大竹溪芭葩菈苒橋上游重大溪段 ( 編號 132) 芭葩菈苒橋 114 年檢視情形 上游 圖例 構造物
111,row-111,133,達仁鄉,新興野溪重大溪段,新興橋,新興橋,YES,182,105,slides/row-111-no-133-slide-182.webp,勘查日期： 2025/3/29 114 年檢視情形 上游 圖例 構造物 土石流潛勢溪流 土石流影響範圍 集水區面積 (ha) 670
112,row-112,134,臺東市,東縣DF127野溪,東縣DF127潛勢溪流溢流點,,YES,184,60,slides/row-112-no-134-slide-184.webp,DF127( 編號 134) 岩灣國小 勘查日期： 2025/6/16 114 年檢視情形 3.5m 6.9m 下游 S
113,row-113,135,臺東市,東縣DF128野溪,東縣DF128潛勢溪流溢流點,蘇巴陽活動中心,YES,185,75,slides/row-113-no-135-slide-185.webp,DF128( 編號 135) 蘇巴陽活動中心 勘查日期： 2025/4/26 114 年檢視情形 0.9m 1.2m 下游 S
114,row-114,139,關山鎮,東縣DF022野溪,東縣DF022潛勢溪流溢流點,山富福德宮,YES,190,75,slides/row-114-no-139-slide-190.webp,DF022( 編號 139) 山富福德宮 勘查日期： 2025/6/25 114 年檢視情形 下游 S 淤 =8°
115,row-115,140,關山鎮,東縣DF023野溪,東縣DF023潛勢溪流溢流點,,YES,191,60,slides/row-115-no-140-slide-191.webp,DF023( 編號 140) 山順排水 勘查日期： 2025/6/25 114 年檢視情形 下游 S 淤 =1°
